<linker>
	<assembly fullname="UnityEngine">
		<type fullname="UnityEngine.Object" preserve="nothing"/>
		<type fullname="UnityEditor.MonoScript" preserve="nothing"/>
		<type fullname="UnityEngine.Material" preserve="nothing"/>
		<type fullname="UnityEditor.UnityConnectSettings" preserve="nothing"/>
		<type fullname="UnityEditor.VFXManager" preserve="nothing"/>
		<type fullname="UnityEngine.Shader" preserve="nothing"/>
		<type fullname="UnityEditor.AudioManager" preserve="nothing"/>
		<type fullname="UnityEditor.PlayerSettings" preserve="nothing"/>
		<type fullname="UnityEngine.TextAsset" preserve="nothing"/>
		<type fullname="UnityEditor.PhysicsManager" preserve="nothing"/>
		<type fullname="UnityEditor.TimeManager" preserve="nothing"/>
		<type fullname="UnityEditor.InputManager" preserve="nothing"/>
		<type fullname="UnityEditor.TagManager" preserve="nothing"/>
		<type fullname="UnityEditor.MonoManager" preserve="nothing"/>
		<type fullname="UnityEngine.Rendering.GraphicsSettings" preserve="nothing"/>
		<type fullname="UnityEngine.QualitySettings" preserve="nothing"/>
		<type fullname="UnityEditor.Physics2DSettings" preserve="nothing"/>
		<type fullname="UnityEngine.Camera" preserve="nothing"/>
		<type fullname="UnityEngine.Transform" preserve="nothing"/>
		<type fullname="UnityEngine.AudioBehaviour" preserve="nothing"/>
		<type fullname="UnityEngine.AudioListener" preserve="nothing"/>
		<type fullname="UnityEngine.Texture" preserve="nothing"/>
		<type fullname="UnityEngine.Canvas" preserve="nothing"/>
		<type fullname="UnityEngine.RectTransform" preserve="nothing"/>
		<type fullname="UnityEngine.Behaviour" preserve="nothing"/>
		<type fullname="UnityEngine.Component" preserve="nothing"/>
		<type fullname="UnityEngine.MonoBehaviour" preserve="nothing"/>
		<type fullname="UnityEngine.GameObject" preserve="nothing"/>
		<type fullname="UnityEngine.LightmapSettings" preserve="nothing"/>
		<type fullname="UnityEngine.Font" preserve="nothing"/>
		<type fullname="UnityEngine.Texture2D" preserve="nothing"/>
		<type fullname="UnityEngine.Sprite" preserve="nothing"/>
		<type fullname="UnityEngine.CanvasRenderer" preserve="nothing"/>
		<type fullname="UnityEngine.RenderSettings" preserve="nothing"/>
		<type fullname="UnityEngine.FlareLayer" preserve="nothing"/>
		<type fullname="UnityEngine.Renderer" preserve="nothing"/>
		<type fullname="UnityEngine.Light" preserve="nothing"/>
		<type fullname="UnityEngine.MeshFilter" preserve="nothing"/>
		<type fullname="UnityEngine.MeshRenderer" preserve="nothing"/>
		<type fullname="UnityEngine.Rigidbody" preserve="nothing"/>
		<type fullname="UnityEngine.Collider" preserve="nothing"/>
		<type fullname="UnityEngine.MeshCollider" preserve="nothing"/>
		<type fullname="UnityEngine.CapsuleCollider" preserve="nothing"/>
		<type fullname="UnityEngine.BoxCollider" preserve="nothing"/>
		<type fullname="UnityEngine.SphereCollider" preserve="nothing"/>
		<type fullname="UnityEngine.Joint" preserve="nothing"/>
		<type fullname="UnityEngine.HingeJoint" preserve="nothing"/>
		<type fullname="UnityEngine.SpringJoint" preserve="nothing"/>
		<type fullname="UnityEngine.FixedJoint" preserve="nothing"/>
		<type fullname="UnityEngine.TerrainCollider" preserve="nothing"/>
		<type fullname="UnityEngine.Animator" preserve="nothing"/>
		<type fullname="UnityEngine.Avatar" preserve="nothing"/>
		<type fullname="UnityEngine.Mesh" preserve="nothing"/>
		<type fullname="UnityEngine.ComputeShader" preserve="nothing"/>
		<type fullname="UnityEngine.Cubemap" preserve="nothing"/>
		<type fullname="UnityEngine.Terrain" preserve="nothing"/>
		<type fullname="UnityEngine.PhysicMaterial" preserve="nothing"/>
	</assembly>
	<assembly fullname="Assembly-CSharp-firstpass">
		<type fullname="FMODUnity.Settings" preserve="nothing"/>
		<type fullname="FMODUnity.StudioListener" preserve="nothing"/>
	</assembly>
	<assembly fullname="Assembly-CSharp">
		<type fullname="AnimationManager" preserve="nothing"/>
		<type fullname="CenterSlotScript" preserve="nothing"/>
		<type fullname="ControlCamera" preserve="nothing"/>
		<type fullname="ControlCurseur" preserve="nothing"/>
		<type fullname="ControlMembre" preserve="nothing"/>
		<type fullname="FindAttachPoint" preserve="nothing"/>
		<type fullname="Frite" preserve="nothing"/>
		<type fullname="MainMenu" preserve="nothing"/>
		<type fullname="MaxFrameRate" preserve="nothing"/>
		<type fullname="MembreCollant" preserve="nothing"/>
		<type fullname="MembreCollantSupplement" preserve="nothing"/>
		<type fullname="MembreExtender" preserve="nothing"/>
		<type fullname="MembreSansAction" preserve="nothing"/>
		<type fullname="MembreTournant" preserve="nothing"/>
		<type fullname="OrientationAttachPoint" preserve="nothing"/>
		<type fullname="PauseScript" preserve="nothing"/>
		<type fullname="PointAttache" preserve="nothing"/>
		<type fullname="PositionPetitJoint" preserve="nothing"/>
		<type fullname="Preview" preserve="nothing"/>
		<type fullname="PreviewMembre" preserve="nothing"/>
		<type fullname="QuitButton" preserve="nothing"/>
		<type fullname="SlotScript" preserve="nothing"/>
		<type fullname="UnityStandardAssets.Cameras.FreeLookCam" preserve="nothing"/>
		<type fullname="UnityStandardAssets.Cameras.ProtectCameraFromWallClip" preserve="nothing"/>
		<type fullname="poserObjetSurCorps" preserve="nothing"/>
	</assembly>
	<assembly fullname="Unity.Postprocessing.Runtime">
		<type fullname="UnityEngine.Rendering.PostProcessing.AmbientOcclusion" preserve="nothing"/>
		<type fullname="UnityEngine.Rendering.PostProcessing.AutoExposure" preserve="nothing"/>
		<type fullname="UnityEngine.Rendering.PostProcessing.Bloom" preserve="nothing"/>
		<type fullname="UnityEngine.Rendering.PostProcessing.ChromaticAberration" preserve="nothing"/>
		<type fullname="UnityEngine.Rendering.PostProcessing.ColorGrading" preserve="nothing"/>
		<type fullname="UnityEngine.Rendering.PostProcessing.DepthOfField" preserve="nothing"/>
		<type fullname="UnityEngine.Rendering.PostProcessing.Grain" preserve="nothing"/>
		<type fullname="UnityEngine.Rendering.PostProcessing.LensDistortion" preserve="nothing"/>
		<type fullname="UnityEngine.Rendering.PostProcessing.MotionBlur" preserve="nothing"/>
		<type fullname="UnityEngine.Rendering.PostProcessing.PostProcessLayer" preserve="nothing"/>
		<type fullname="UnityEngine.Rendering.PostProcessing.PostProcessProfile" preserve="nothing"/>
		<type fullname="UnityEngine.Rendering.PostProcessing.PostProcessResources" preserve="nothing"/>
		<type fullname="UnityEngine.Rendering.PostProcessing.PostProcessVolume" preserve="nothing"/>
		<type fullname="UnityEngine.Rendering.PostProcessing.ScreenSpaceReflections" preserve="nothing"/>
		<type fullname="UnityEngine.Rendering.PostProcessing.Vignette" preserve="nothing"/>
	</assembly>
	<assembly fullname="Unity.TextMeshPro">
		<type fullname="TMPro.TMP_FontAsset" preserve="nothing"/>
		<type fullname="TMPro.TMP_Settings" preserve="nothing"/>
		<type fullname="TMPro.TMP_SpriteAsset" preserve="nothing"/>
		<type fullname="TMPro.TMP_StyleSheet" preserve="nothing"/>
		<type fullname="TMPro.TextMeshProUGUI" preserve="nothing"/>
	</assembly>
	<assembly fullname="UnityEngine.UI">
		<type fullname="UnityEngine.EventSystems.EventSystem" preserve="nothing"/>
		<type fullname="UnityEngine.EventSystems.StandaloneInputModule" preserve="nothing"/>
		<type fullname="UnityEngine.UI.Button" preserve="nothing"/>
		<type fullname="UnityEngine.UI.CanvasScaler" preserve="nothing"/>
		<type fullname="UnityEngine.UI.GraphicRaycaster" preserve="nothing"/>
		<type fullname="UnityEngine.UI.Image" preserve="nothing"/>
		<type fullname="UnityEngine.UI.VerticalLayoutGroup" preserve="nothing"/>
	</assembly>
</linker>
